Number,Site,Assigned
1,450,Tim
2,450,Tim
3,450,Sasha
4,450,
5,450,
6,450,
7,450,Sasha
8,450,
9,450,
10,450,
11,450,
12,450,
13,450,Tim
14,450,
15,525,
16,525,
17,525,
18,525,
19,525,
20,525,
21,525,
22,525,
23,525,
24,525,
25,650,
26,650,
27,650,
28,650,
29,650,
30,650,
31,650,
32,969,
33,969,Tim
34,969,Tim
35,969,
36,969,
37,969,
38,969,
39,969,
40,969,
41,969,
42,969,
43,969,
44,969,
45,969,
46,969,
47,969,
48,969,
49,969,
